<?xml version="1.0" encoding="utf-8"?>
<items>
	<item label="Tech Talk: Components 101" date="1188599570000" url="http://www.esria.com" />
	<item label="Behind the Scenes: Packaging a Product" date="1188599570000" url="http://www.esria.com" />
	<item label="Updated Vacation Calendar" date="1188599570000" url="http://www.esria.com" />
	<item label="Meet the new CEO" date="1188513170000" url="http://www.esria.com" />
	<item label="Brown Bag: Design for Tomorrow" date="1188513170000" url="http://www.esria.com" />
	<item label="New Cafe Hours" date="1188513170000" url="http://www.esria.com" />
	<item label="Upcoming Road Closures Near San Jose Office" date="1188426770000" url="http://www.esria.com" />
	<item label="Employee Purchase Program" date="1188426770000" url="http://www.esria.com" />
	<item label="New 401k Plan Fund Family" date="1188340370000" url="http://www.esria.com" />
</items>